{"schema":6,"addons":[{"id":"{fef425dc-a60f-4484-954d-71ecf2544846}","icons":{"32":"https://addons.mozilla.org/user-media/addon_icons/990/990442-32.png?modified=2fad6700","64":"https://addons.mozilla.org/user-media/addon_icons/990/990442-64.png?modified=2fad6700","128":"https://addons.mozilla.org/user-media/addon_icons/990/990442-128.png?modified=2fad6700"},"name":"eBesucher Addon","version":"2.0.8","sourceURI":"https://addons.mozilla.org/firefox/downloads/file/4009117/ebesucher_addon1-2.0.8.xpi","homepageURL":"https://ebesucher.de","supportURL":"https://www.ebesucher.com/addon","description":"Discover new websites and get paid with the eBesucher add-on","fullDescription":"This extension is specifically developed for eBesucher.com and partner sites that are affiliated with ebesucher.com\n\nWith this extension users of the eBesucher surfbar and click ads can visit partner websites according to their area of interest and earn eBesucher points in return. These points can be turned into real money in order to request a payout.\n\n\nWhat the addon does when starting the surfbar\n\nEvery 15 seconds to 10 minutes, it redirects you automatically to a website of our advertisers in the surfbar. The addon indicates the retention time (= time that is required to remain on the website in order to get your bonus) and allows you to permanently pause all features. It also gives you access to the last visited website (requires login) and the earnings of the current hour.\n\n\nWhat the addon does when visiting click ads\n\nAfter clicking an ad, a target site will open in a new tab. The addon will load on the target site and show you the retention time. You are rewarded with points when the retention time has elapsed. The Addon will then indicate the amount of points.\n\n\nUsing the eBesucher addon offers significant advantages\n\nIncreased earnings, since all campaigns can be displayed in the surfbar\nThe surfbar can be launched directly\nNo second TAB and no surfbar helper is required to start the surfbar\nThe surfbar can be launched automatically through the eBesucher restarter\nThe surfbar is protected against sites that load a framebreaker","weeklyDownloads":138,"type":"extension","creator":{"name":"eBesucher","url":"https://addons.mozilla.org/en-US/firefox/user/14197014/"},"developers":[],"screenshots":[{"url":"https://addons.mozilla.org/user-media/previews/full/211/211438.png?modified=1622133447","width":1280,"height":800,"thumbnailURL":"https://addons.mozilla.org/user-media/previews/thumbs/211/211438.jpg?modified=1622133447","thumbnailWidth":533,"thumbnailHeight":333},{"url":"https://addons.mozilla.org/user-media/previews/full/211/211439.png?modified=1622133449","width":1280,"height":800,"thumbnailURL":"https://addons.mozilla.org/user-media/previews/thumbs/211/211439.jpg?modified=1622133449","thumbnailWidth":533,"thumbnailHeight":333},{"url":"https://addons.mozilla.org/user-media/previews/full/243/243701.png?modified=1622133451","width":800,"height":560,"thumbnailURL":"https://addons.mozilla.org/user-media/previews/thumbs/243/243701.jpg?modified=1622133451","thumbnailWidth":533,"thumbnailHeight":373}],"contributionURL":"","averageRating":4.4242,"reviewCount":7,"reviewURL":"https://addons.mozilla.org/en-US/firefox/addon/ebesucher-addon1/reviews/","updateDate":1664462413000}]}